{
    "Files": {
        "/packages/cargo-pkg-cargo-gog@0.5.0/cargo-pkg-cargo-gog@0.5/gog-0.5.0/src/lib.rs": {
            "Path": "../get-package/zip_packages/packages.zip ∴ /packages/cargo-pkg-cargo-gog@0.5.0/cargo-pkg-cargo-gog@0.5/gog-0.5.0/src/lib.rs",
            "SHA256": "b3aeb391610937113637cf734b02e4eca55f1b6b36128242b12260011b11bf02",
            "Size": 27852,
            "Behaviors": [
                {
                    "Description": "terms obfuscated using xor",
                    "MatchStrings": [
                        "xor_terms::, \u0026(\""
                    ],
                    "RiskScore": 3,
                    "RiskLevel": "HIGH",
                    "RuleURL": "https://github.com/chainguard-dev/malcontent/blob/main/rules/anti-static/xor/xor-terms.yara#xor_terms",
                    "ID": "anti-static/xor/terms",
                    "RuleName": "xor_terms"
                }
            ],
            "RiskScore": 3,
            "RiskLevel": "HIGH"
        },
        "/packages/cargo-pkg-cargo-logq@0.1.19/cargo-pkg-cargo-logq@0.1/logq-0.1.19/scripts/elb_log_generator.rb": {
            "Path": "../get-package/zip_packages/packages.zip ∴ /packages/cargo-pkg-cargo-logq@0.1.19/cargo-pkg-cargo-logq@0.1/logq-0.1.19/scripts/elb_log_generator.rb",
            "SHA256": "4e4f30b38d6793d2391733002ac8a193e617f8eca7770e494212285110d8bdf1",
            "Size": 417,
            "Behaviors": [
                {
                    "Description": "hardcoded IP:port destination",
                    "MatchStrings": [
                        "78.168.134.92:4586"
                    ],
                    "RiskScore": 3,
                    "RiskLevel": "HIGH",
                    "RuleURL": "https://github.com/chainguard-dev/malcontent/blob/main/rules/c2/addr/ip.yara#hardcoded_ip_port",
                    "ID": "c2/addr/ip",
                    "RuleName": "hardcoded_ip_port"
                }
            ],
            "RiskScore": 3,
            "RiskLevel": "HIGH"
        },
        "/packages/cargo-pkg-cargo-logq@0.1.19/cargo-pkg-cargo-logq@0.1/logq-0.1.19/src/app.rs": {
            "Path": "../get-package/zip_packages/packages.zip ∴ /packages/cargo-pkg-cargo-logq@0.1.19/cargo-pkg-cargo-logq@0.1/logq-0.1.19/src/app.rs",
            "SHA256": "9db154e225e8de2efa6594402d7317ddf18a5ffaa14af17f826ecf82747c4734",
            "Size": 12137,
            "Behaviors": [
                {
                    "Description": "hardcoded IP:port destination",
                    "MatchStrings": [
                        "78.168.134.92:4586"
                    ],
                    "RiskScore": 3,
                    "RiskLevel": "HIGH",
                    "RuleURL": "https://github.com/chainguard-dev/malcontent/blob/main/rules/c2/addr/ip.yara#hardcoded_ip_port",
                    "ID": "c2/addr/ip",
                    "RuleName": "hardcoded_ip_port"
                }
            ],
            "RiskScore": 3,
            "RiskLevel": "HIGH"
        },
        "/packages/cargo-pkg-cargo-logq@0.1.19/cargo-pkg-cargo-logq@0.1/logq-0.1.19/src/execution/datasource.rs": {
            "Path": "../get-package/zip_packages/packages.zip ∴ /packages/cargo-pkg-cargo-logq@0.1.19/cargo-pkg-cargo-logq@0.1/logq-0.1.19/src/execution/datasource.rs",
            "SHA256": "42a853fcff7526bc969dbb1296db6fd8bbc5c1bcc705e9880da8539901c618a3",
            "Size": 39474,
            "Behaviors": [
                {
                    "Description": "hardcoded IP:port destination",
                    "MatchStrings": [
                        "176.219.166.226:48384",
                        "192.168.131.39:2817",
                        "78.168.134.92:4586"
                    ],
                    "RiskScore": 3,
                    "RiskLevel": "HIGH",
                    "RuleURL": "https://github.com/chainguard-dev/malcontent/blob/main/rules/c2/addr/ip.yara#hardcoded_ip_port",
                    "ID": "c2/addr/ip",
                    "RuleName": "hardcoded_ip_port"
                }
            ],
            "RiskScore": 3,
            "RiskLevel": "HIGH"
        },
        "/packages/cargo-pkg-cargo-logq@0.1.19/cargo-pkg-cargo-logq@0.1/logq-0.1.19/src/execution/types.rs": {
            "Path": "../get-package/zip_packages/packages.zip ∴ /packages/cargo-pkg-cargo-logq@0.1.19/cargo-pkg-cargo-logq@0.1/logq-0.1.19/src/execution/types.rs",
            "SHA256": "f866d6f8b622a8f2f21abbcd5228a8406a86b493cdfca36363143c9cc27ece48",
            "Size": 56713,
            "Behaviors": [
                {
                    "Description": "hardcoded IP:port destination",
                    "MatchStrings": [
                        "192.168.131.39:2817"
                    ],
                    "RiskScore": 3,
                    "RiskLevel": "HIGH",
                    "RuleURL": "https://github.com/chainguard-dev/malcontent/blob/main/rules/c2/addr/ip.yara#hardcoded_ip_port",
                    "ID": "c2/addr/ip",
                    "RuleName": "hardcoded_ip_port"
                }
            ],
            "RiskScore": 3,
            "RiskLevel": "HIGH"
        },
        "/packages/cargo-pkg-cargo-serde@1.0.218/cargo-pkg-cargo-serde@1.0/serde-1.0.218/src/ser/impls.rs": {
            "Path": "../get-package/zip_packages/packages.zip ∴ /packages/cargo-pkg-cargo-serde@1.0.218/cargo-pkg-cargo-serde@1.0/serde-1.0.218/src/ser/impls.rs",
            "SHA256": "00b58a84f7c07b2f575219d6d0745fd1258dae9b9c8ec5b9b299a712c482b1a3",
            "Size": 30970,
            "Behaviors": [
                {
                    "Description": "hardcoded IP:port destination",
                    "MatchStrings": [
                        "101.102.103.104:65000"
                    ],
                    "RiskScore": 3,
                    "RiskLevel": "HIGH",
                    "RuleURL": "https://github.com/chainguard-dev/malcontent/blob/main/rules/c2/addr/ip.yara#hardcoded_ip_port",
                    "ID": "c2/addr/ip",
                    "RuleName": "hardcoded_ip_port"
                }
            ],
            "RiskScore": 3,
            "RiskLevel": "HIGH"
        }
    }
}
